adhar_number,otp,voted,hashed_encrypted_all_blocks
686368942797,1234,party-2,"b'Xd\xe5\x82dM\x11Q\xd1\xa3s|\x85\xe2l\x10C\x8a\xee\x9f%<P\x7f\xa1|\x9d\x15KL?q\x0e{\x96bV\xb0I\xc4\xc3\xb6\xa7\x18\x89]\xc7U%N\'\xbb,\x10\xeb\x9c\xb4\xea\x97\xba\xf5\xf0\x01e\x1eQ\x91o=G7\xf6\xf0<\xeb\x8f\'\xad\xc4\x9f\xa9\xcab\xf2\x07J\xaa`.q\xf5\x9c\xf3\xb7\x86\xc2\xd5\xb1\xf5\xf4L\xb6\xe7\x8d\x81\xfd\x8b\xcdN\xcc\x1c\xc3X\xff9\x00\x1b\xf4a\x90bj\xb8\x96\xd6T\xe4rtn\xff\xa1\xeb\xb1\xb2N\xcb\x04\x9c\x8cJ0o~\xcb""\x1a\xef\xa7h\xd8x6\xd3\x06\xceQ\xc91\xe5U\x9d8\xeb\xffg\xf4\xe8R\xaa\xf66\xadV\xdcH\xe9\xff\x8b\xfc&>\xd9_X\xed\xa65\xa7\x1dj.\xcb\xc5\xae\x8b\x81\x87hi^\x8d\xe7\xcd\xf8\xa7G\x1aU\x85\xa0\x02N\xb5c\xdc\x0b\xf2\xd3K\xdbx\x08`~u\xf51\xdd\xaa\xc0?\x94o\xa0\xd1\x85\xdft\x82]\xef\xbfq>\xe8\x9d}\xc8BF\x1d8\n\x19/'"
940251094623,1234,party-4,"b'D\x90\x94\xd1\xe7\xb3.r\xc9D.\xd5\xd2,\xae\xd46\r\x85\xa3(]\xca^\x9d\xcb\xc7Z\x82@\xec\xf3{\x8f\x8aX\xf1\xb5\xc1d\xeb\x18\x9b-\xc2m\xabZ$\x89X\xe2\xcbE\xd2\x87=!\x9b\xe2*n\x07\xce\xb1\ry\xe5\x1ay\xefY_\xc0\x84L<C\xa4\x00\xc2\x80T\x8a\xf2\xf3\n\xb4\xda8\x12mE\xce\x86\x8f\xbei2t\x02M\x8b\x8d\x1b\xf6F\x147\x8b\xe7\x0b\xc2z\x11\x88\x16\xc3\xbb\xd5NL\xef\x1c\x95w\x8c,$wY\x80\x972\xc6\x1a\x00\x17\xa4u>\xa9\xd7\x14\x8bl\x90\x0c\xb0\xacs\x15\xf9qr\xf8{\xcc:\xd4\xde\t\xa8\xcd\r\xa3\x91\xa3\xeeD\x96R\x9fW\xe7\xef.\xa5\x1c,\x04\x96\x8a-nV7\xa1cmr\x93VRB#\xee\xd3\x81\xbf\xea\xf2P\x02\t\x8c\xfe\xda\xfb\x1b\xc3fI\xcdN>\x9b>2\x12\xdaJ\x07<\xc3%)\xd0\xea\x0e\x84%\xcc\xfdd\n\xdc\x87V\x95O-\x9fK\xb2\x1d\x82\xc4\xf4\x99@%\x9d\xff\\\x92'"
539228780943,1234,party-4,"b'\x10\xec\x97\xf4,8\xcd\x0f\x9d|\xd9\xef\x1a<Z\xbaZ|\xb6C\x8e\xa5%qV\x1b6\xc5\x9a\xe0\xce#a\x86L\xd7\n\xa7\x96&\xf3\x8b\xf4\xaf<\xe2ny[\x19\xf0\xfc\xc6\xb8\xdc\x8f\xb1\xeeI\x00f\x80fv/97\xcf\xfb\xe6\x0f\xbb\xab>[\xfe\xcd\x94\x90\x1f\xb2u\x9e\xdb,gE\xd1\x00\xc5\xc7\xcd\xd3l\x81\x01\xec\xeb+h~\xff\xf2\n\xe2\x8f\x0c\xc2\xc3\xcf\xbe\xe6\x06[\x11B7\xcb\x8d\xdc\x8eE#\x8f\x92t\xe9\x02\xdf\xbe\x0f\x10B\x00\x0bD\xb3\xf9\xc3b\xcbB\x1d6W(\x96\x80J\x00z\xe5\x9a\xe3=\xa0J\x9e\xc13u\xc6rFr?0\x8f&Q_x\xb7\x0e\r[\x18\xee\xe1HX\xe0\xc3\x931\x07x\xe23\xf0\xdc\t\xe3\x08\x18I$U\x9e7""\xf5\xc6b\xef\x08\xad\xe3\xfc\tM\xe1N\xc3\x18s\xeb\\kf\xa2\x8c""\xcd(~\x18\xb1\x12\xf3\xb3,\x9e\xd3\xc6\x18\x91\xd6}\xf1\xec|\xba\xd4\xb7\x0e\x84\x0e\xef\xd9\x0cS\xd6H\xfc""'"
586527617304,1234,party-1,"b'i\x1bc\x87(p\xfb\xe5\x02\xc5SJ\x99\x16!\xc2\x93\xa6\xc8\xbc6-{\xaaU\xe0#\xa2\xef\x83\xa0\xb1w\x07V\xab\xdd\xcc\xb70P\xf7;\xa7\x8e\x9e\xef\xe2\xc7\xd9\xd7\xa3\xe5\xc4\xef\xe6\xbe\xe7\xe6]\xe8q\xde\xf9r\xbd\xefT\x06\xd6\xfb\x05S_7""\xe9[\xd9\x0c`\xe6\x93\xb3\xb8\x8e\x16\xe4\xd4u\x91#\xdd\x1c)\xfcV4,\x197\x139\xa3\xee\x8f$\x86rb\t\xbeAi\xcc\xda)\xf9T\x1eIq\xc5)e\xeb\xc8\xfa\xa3\xcd6\xc1fy\x1a\xc4\x14}l\xcdWWI\xb8z\x9fF\xbf\x8d\xb8\xd89\xfd\xc2\xa4N\xd7]\xcb\xaf,\x83\xcf$\x8eB\x90\xb7\xa9\x1d\xa5l\xddx\xa6L""4\xb8\x1f\x87\xcbH\x80\x98\x96%\x187\xa8Z""\xcc\x0b\xdc\xb9\xb7\x03p]M\xe5@\xbe(\xc5\x1f\x85\xef\xe7YV-\xcc\xf4\x94\x1a\x14/\xa6\xe9&\xb8\xd0B\x96\xfe\x8b\xef\x0f\xa2\xba\xadj\xf4U\xa7\xc9mYy\x9b\x18N?\xaa\xfe\x89]t\x17\xb54,\xb8~'"
523895017829,1234,party-3,"b'x0\xfa\xf4\x1d2}[\x1f\xd9\xa8\x05\xa2\x86\x87\xb9\xca\x1b\xdc\xd7\x9a\x0c\xa8\xbd5RGA&\x89=\xa8\xc7\x06C|\xa1Amc4\xcegaV\xe7\xfd, \xb1\x9bTV\xf4TD-\x94\xf5\x87X|#D\xc6]\x9b\xf8q\xfa\x87\xc5\xa7\xc8r\x9f>&\xb5\xcd<f15/2-\xfa\xff\xf8\x04\xec\xf5?\x05\xfbrq\x94\x8f\xc8\xcan\x836""}M\xbf\x8c\xd3\xe3\x98\x7f_c`\xfe\x84\xd9<\xeb\x89\xa8\xe5%\xacK\xc2\xca\xf2\x92\xf6<p\x1c\xf6\x88\xdb\xd7\xcf>k\x13K\xbb\x80\xdd]\xaa\x96r{X\xc2\xed\x93\xae\xb3\x878{-\x84\xdb\xbcTs\xecE\xc6\x9b\xa1n\xbf\xedD\xd4[\xcf\x10\x12\xee\xa8k\xad\xdfO\xa6a\xab\xd7\xe1\x0c\xba\xf2\xb5$o\x08\n=_\x19\x95\x10\x9a\xb0}}\xa5\x82&\xcc8-\x9d""\x8d\xac\xdflQU\xff+\x9e\xd6\r\xf4V}\xeax\x11\xff\xe0\x17\xe4\n\x85PKH\xe4h\x03\xa8\xae\x06\xd3\xcd\xe5\xf1\xe8\x8b'"
503363857719,1234,party-3,
665367341106,1234,party-2,
688709559865,1234,party-4,
